{
  "stage": 4,
  "model": "zai-org/GLM-4.5-Air-FP8",
  "training": {
    "mode": "reference (no GPU)",
    "beta_value": 1.0,
    "beta_kl": 0.001,
    "mean_loss": 0.1962899447417093,
    "num_groups": 5,
    "num_rollouts": 40,
    "learning_rate": 1e-06
  },
  "group_stats": [
    {
      "question": "According to historical records, Pythagoras made a significant discove",
      "pass_rate": 0.5,
      "v_star": 0.6201145069582776,
      "mean_advantage": -0.12011450695827763,
      "std_advantage": 0.5,
      "advantages": [
        -0.6201145069582776,
        -0.6201145069582776,
        -0.6201145069582776,
        0.37988549304172237,
        -0.6201145069582776,
        0.37988549304172237,
        0.37988549304172237,
        0.37988549304172237
      ],
      "rewards": [
        0.0,
        0.0,
        0.0,
        1.0,
        0.0,
        1.0,
        1.0,
        1.0
      ]
    },
    {
      "question": "What was the name of the lawyer who defended EOKA fighters in British ",
      "pass_rate": 0.875,
      "v_star": 0.9176883946489993,
      "mean_advantage": -0.04268839464899932,
      "std_advantage": 0.33071891388307384,
      "advantages": [
        0.08231160535100068,
        0.08231160535100068,
        0.08231160535100068,
        0.08231160535100068,
        0.08231160535100068,
        0.08231160535100068,
        -0.9176883946489993,
        0.08231160535100068
      ],
      "rewards": [
        1.0,
        1.0,
        1.0,
        1.0,
        1.0,
        1.0,
        0.0,
        1.0
      ]
    },
    {
      "question": "Which war in Africa, lasting from 1967 to 1970, resulted in an estimat",
      "pass_rate": 0.875,
      "v_star": 0.9176883946489993,
      "mean_advantage": -0.04268839464899932,
      "std_advantage": 0.33071891388307384,
      "advantages": [
        0.08231160535100068,
        0.08231160535100068,
        0.08231160535100068,
        0.08231160535100068,
        0.08231160535100068,
        -0.9176883946489993,
        0.08231160535100068,
        0.08231160535100068
      ],
      "rewards": [
        1.0,
        1.0,
        1.0,
        1.0,
        1.0,
        0.0,
        1.0,
        1.0
      ]
    },
    {
      "question": "What type of collection maintained by wealthy individuals in ancient E",
      "pass_rate": 0.625,
      "v_star": 0.7294434981736848,
      "mean_advantage": -0.10444349817368481,
      "std_advantage": 0.4841229182759271,
      "advantages": [
        -0.7294434981736848,
        0.2705565018263152,
        0.2705565018263152,
        -0.7294434981736848,
        -0.7294434981736848,
        0.2705565018263152,
        0.2705565018263152,
        0.2705565018263152
      ],
      "rewards": [
        0.0,
        1.0,
        1.0,
        0.0,
        0.0,
        1.0,
        1.0,
        1.0
      ]
    },
    {
      "question": "Which war in Africa that began in 1991 when the central government col",
      "pass_rate": 0.375,
      "v_star": 0.4973486270480483,
      "mean_advantage": -0.12234862704804828,
      "std_advantage": 0.4841229182759271,
      "advantages": [
        0.5026513729519517,
        0.5026513729519517,
        -0.4973486270480483,
        -0.4973486270480483,
        -0.4973486270480483,
        0.5026513729519517,
        -0.4973486270480483,
        -0.4973486270480483
      ],
      "rewards": [
        1.0,
        1.0,
        0.0,
        0.0,
        0.0,
        1.0,
        0.0,
        0.0
      ]
    }
  ],
  "advantage_distribution": {
    "mean": -0.08645668429560187,
    "std": 0.4345286946593055,
    "min": -0.9176883946489993,
    "max": 0.5026513729519517,
    "positive_count": 26,
    "negative_count": 14
  },
  "stats": {
    "model": "zai-org/GLM-4.5-Air-FP8",
    "llm_calls": 0,
    "input_tokens": 0,
    "output_tokens": 0,
    "estimated_cost": 0.0,
    "phase_times": {
      "Stage 4a: Load Stage 3 Rollout Data": 0.0006661415100097656,
      "Stage 4b: OAPL Value Estimation (V\u0302*)": 0.0004818439483642578,
      "Stage 4c: OAPL Training Epoch (Reference Mode)": 4.291534423828125e-05,
      "Stage 4d: Training Signal Analysis": 3.504753112792969e-05
    },
    "errors": [],
    "response_log": []
  }
}